nodeID,xcoord,ycoord,floor,building,longName,shortName,nodeType
ACONF00102,1580,2538,2,BTM,Hall,Hall,HALL
ACONF00103,1648,2968,3,BTM,BTM Conference Center,BTM Conference,CONF
ADEPT00101,1401,2628,1,BTM,Neuroscience Waiting Room,Neuro Waiting Room,DEPT
ADEPT00102,1395,2674,2,BTM,Orthopedics and Rhemutalogy,Orthopedics and Rhemutalogy,DEPT
ADEPT00201,1720,2847,1,BTM,MS Waiting,MS Waiting,DEPT
ADEPT00301,986,2852,1,BTM,CART Waiting,CART Waiting,DEPT
AELEV00S01,1534,2777,1,BTM,Elevator S 01,Elevator S 1,ELEV
AELEV00S02,1532,2777,2,BTM,Elevator S 02,Elevator S 2,ELEV
AELEV00S03,1539,2773,3,BTM,Elevator S Floor 3,Elevator S 3,ELEV
AELEV00SL2,1630,2742,L2,BTM,Elevator S L2,Elevator S L2,ELEV
AEXIT001L2,1696,2788,L2,BTM,Parking Garage L2,Parking Garage L2,EXIT
AHALL00101,1638,2553,1,BTM,Hall,Hall,HALL
AHALL00102,1591,2560,2,BTM,Hall,Hall,HALL
AHALL00103,1534,2732,3,BTM,Hall,Hall,HALL
AHALL001L2,1627,2782,L2,BTM,Hallway to Elevator,Hall,HALL
AHALL00201,1608,2596,1,BTM,Hall,Hall,HALL
AHALL00202,1590,2604,2,BTM,Hall,Hall,HALL
AHALL00203,1600,2732,3,BTM,Hall,Hall,HALL
AHALL002L2,1698,2776,L2,BTM,Hallway Intersection,Hall,HALL
AHALL00301,1608,2737,1,BTM,Hall,Hall,HALL
AHALL00302,1590,2745,2,BTM,Hall,Hall,HALL
AHALL00303,1650,2732,3,BTM,Hall,Hall,HALL
AHALL003L2,1701,2734,L2,BTM,Hall,Hall,HALL
AHALL00401,1420,2737,1,BTM,Hall,Hall,HALL
AHALL00402,1528,2745,2,BTM,Hall,Hall,HALL
AHALL00403,1650,2766,3,BTM,Hall,Hall,HALL
AHALL004L2,1698,2687,L2,BTM,Hall,Hall,HALL
AHALL00501,1420,2865,1,BTM,Hall,Hall,HALL
AHALL00502,1398,2745,2,BTM,Hall,Hall,HALL
AHALL00503,1650,2855,3,BTM,Hall,Hall,HALL
AHALL00601,1678,2865,1,BTM,Hall,Hall,HALL
AHALL00602,1683,2543,2,BTM,Hall,Hall,HALL
AHALL00603,1580,2858,3,BTM,HallNode,HallNode,HALL
AHALL00701,1017,2865,1,BTM,Hall,Hall,HALL
AHALL00801,1532,2739,1,BTM,Hall,Hall,HALL
AHALL00901,1581,2566,1,BTM,Hall,Hall,HALL
AHALL01001,1605,2568,1,BTM,Hall,Hall,HALL
AINFO001L2,1681,2747,L2,BTM,BTM Security Desk,Security,INFO
ALABS00103,1611,2678,3,BTM,Innovation Hub,Innovation Hub,LABS
ALABS001L2,1667,2682,L2,BTM,MRI CT Scan Imaging,MRI CT Imaging,LABS
ALABS00203,1671,2695,3,BTM,Clinical Trials,Clinical Trials,LABS
AREST00101,1556,2604,1,BTM,Restroom S elevator 1st floor,Restroom,REST
AREST00103,1552,2854,3,BTM,Restroom BTM conference center 3rd floor,Restroom,REST
ARETL00101,1619,2522,1,BTM,Cafe,Cafe,RETL
ASTAI00101,1642,2596,1,BTM,Cafe Stairs,Cafe Staris,STAI
ASTAI00102,1650,2602,2,BTM,Stairs Floor 2,Stairs Floor 2,STAI
BCONF00102,2150,1025,2,45 Francis,Duncan Reid Conference Room,Conf B0102,CONF
BHALL03802,2279,786,2,45 Francis,Hallway Intersection 38 Level 2,Hallway B3802,HALL
BDEPT00202,2166,1039,2,45 Francis,Oral Medicine and Dentistry,DEPT B0202,DEPT
BDEPT00302,2385,753,2,45 Francis,Lee Bell Breast Center,DEPT B0302,DEPT
BDEPT00402,2439,902,2,45 Francis,Jen Center for Primary Care,DEPT B0402,DEPT
BDEPT00502,2623,1018,2,45 Francis,Ear Nose & Throat,DEPT B0502,DEPT
BDEPT00602,2782,1303,2,45 Francis,Hallway Intersection 31 Level 2,Hallway B3102,HALL
BDEPT00702,2945,775,2,45 Francis,Plastic Surgery,DEPT B0702,DEPT
BDEPT00802,3155,890,2,45 Francis,Outpatient Pharmacy,DEPT B0802,DEPT
BDEPT00902,3257,879,2,45 Francis,Weiner Center for Preoperative Evaluation,DEPT B0902,DEPT
BHALL00102,2238,902,2,45 Francis,Hallway Intersection 1 Level 2,Hallway B0102,HALL
BHALL00202,2279,902,2,45 Francis,Hallway Intersection 2 Level 2,Hallway B0202,HALL
BHALL00302,2238,1028,2,45 Francis,Hallway Intersection 3 Level 2,Hallway B0302,HALL
BHALL00402,2246,1280,2,45 Francis,Hallway Intersection 4 Level 2,Hallway B0402,HALL
BHALL00502,2385,902,2,45 Francis,Hallway Intersection 5 Level 2,Hallway B0502,HALL
BHALL00602,2605,902,2,45 Francis,Hallway Intersection 6 Level 2,Hallway B0602,HALL
BHALL00702,2672,902,2,45 Francis,Hallway Intersection 7 Level 2,Hallway B0702,HALL
BHALL00802,2605,783,2,45 Francis,Hallway Intersection 8 Level 2,Hallway B0802,HALL
BHALL00902,2330,590,2,45 Francis,Hallway Intersection 9 Level 2,Hallway B0902,HALL
BHALL01002,2713,902,2,45 Francis,Hallway Intersection 10 Level 2,Hallway B1002,HALL
BHALL01102,2912,903,2,45 Francis,Hallway Intersection 11 Level 2,Hallway B1102,HALL
BHALL01202,2945,902,2,45 Francis,Hallway Intersection 12 Level 2,Hallway B1202,HALL
BHALL01302,3135,890,2,45 Francis,Hallway Intersection 13 Level 2,Hallway B1302,HALL
BHALL01402,3296,880,2,45 Francis,Hallway Intersection 14 Level 2,Hallway B1402,HALL
BHALL01502,2672,820,2,45 Francis,Hallway Intersection 15 Level 2,Hallway B1502,HALL
BHALL01602,2721,750,2,45 Francis,Hallway Intersection 16 Level 2,Hallway B1602,HALL
BHALL01702,2945,710,2,45 Francis,Hallway Intersection 17 Level 2,Hallway B1702,HALL
BHALL01802,2610,953,2,45 Francis,Hallway Intersection 18 Level 2,Hallway B1802,HALL
BHALL01902,2678,1032,2,45 Francis,Hallway Intersection 19 Level 2,Hallway B1902,HALL
BHALL02002,2761,1032,2,45 Francis,Hallway Intersection 20 Level 2,Hallway B2002,HALL
BHALL02102,2841,1032,2,45 Francis,Hallway Intersection 21 Level 2,Hallway B2102,HALL
BHALL02202,2900,985,2,45 Francis,Hallway Intersection 22 Level 2,Hallway B2202,HALL
BHALL02302,2912,963,2,45 Francis,Hallway Intersection 23 Level 2,Hallway B2302,HALL
BHALL02502,3163,945,2,45 Francis,Hallway Intersection 25 Level 2,Hallway B2502,HALL
BHALL02602,3296,945,2,45 Francis,Hallway Intersection 26 Level 2,Hallway B2602,HALL
BHALL02702,3296,1043,2,45 Francis,Hallway Intersection 27 Level 2,Hallway B2702,HALL
BHALL02802,3063,1043,2,45 Francis,Hallway Intersection 28 Level 2,Hallway B2802,HALL
BHALL02902,2782,1091,2,45 Francis,Hallway Intersection 29 Level 2,Hallway B2902,HALL
BHALL03002,2782,1165,2,45 Francis,Hallway Intersection 30 Level 2,Hallway B3002,HALL
BHALL03102,2554,1280,2,45 Francis,Hallway Intersection 31 Level 2,Hallway B3102,HALL
BHALL03202,2554,1472,2,45 Francis,Hallway Intersection 32 Level 2,Hallway B3202,HALL
BINFO00102,2962,963,2,45 Francis,Information Desk Level 2,INFO B0102,INFO
BINFO00202,3136,963,2,45 Francis,Valet Service Level 2,INFO B0202,INFO
BLABS00102,2246,1350,2,45 Francis,Vascular Diagnostic Lab,Labs B0102,LABS
BLABS00202,2945,995,2,45 Francis,Outpatient Specimen Collection,Labs B0202,LABS
BREST00102,2177,1010,2,45 Francis,Restroom 1 Level 2,REST B0102,REST
BREST00202,2605,841,2,45 Francis,Restroom 2 Level 2,REST B0202,REST
BREST00302,2225,1280,2,45 Francis,Restroom 3 Level 2,REST B0302,REST
BREST00402,2554,1389,2,45 Francis,Restroom 4 Level 2,REST B0402,REST
BREST00502,2782,1152,2,45 Francis,Restroom 5 Level 2,REST B0502,REST
BSERV00102,2853,1067,2,45 Francis,Patient Financial Services,SERV B0102,SERV
BSTAI00102,2177,902,2,45 Francis,Staircase Intersection 1 Level 2,Stair B0102,STAI
BSTAI00202,2279,827,2,45 Francis,Staircase Intersection 2 Level 2,Stair B0202,STAI
BSTAI00302,2554,783,2,45 Francis,Staircase Intersection 3 Level 2,Stair B0302,STAI
BSTAI00502,2945,840,2,45 Francis,Staircase Intersection 5 Level 2,Stair B0502,STAI
BSTAI00602,3217,886,2,45 Francis,Staircase Intersection 6 Level 2,Stair B0602,STAI
BSTAI00702,2811,1165,2,45 Francis,Staircase Intersection 7 Level 2,Stair B0702,STAI
BSTAI00802,2554,1316,2,45 Francis,Staircase Intersection 8 Level 2,Stair B0802,STAI
BSTAI00902,2190,1280,2,45 Francis,Staircase Intersection 9 Level 2,Stair B0902,STAI
BSTAI01002,2238,932,2,45 Francis,Staircase Intersection 10 Level 2,Stair B1002,STAI
BHALL03302,2782,1280,2,45 Francis,Hallway Intersection 33 Level 2,Hallway B3302,HALL
BHALL03402,2166,1028,2,45 Francis,Hallway Intersection 34 Level 2,Hallway B3402,HALL
BHALL03502,2246,1028,2,45 Francis,Hallway Intersection 35 Level 2,Hallway B3502,HALL
BDEPT00102,2260,786,2,45 Francis,Comprehensive Breast Heath,DEPT B0102,DEPT
BHALL03602,2279,762,2,45 Francis,Hallway Intersection 36 Level 2,Hallway B3602,HALL
BHALL03702,2322,641,2,45 Francis,Hallway Intersection 37 Level 2,Hallway B3702,HALL
BHALL04102,2678,1067,2,45 Francis,Hallway Intersection 41 Level 2,Hallway B04102,HALL
BHALL04202,2761,1067,2,45 Francis,Hallway Intersection 42 Level 2,Hallway B04202,HALL
BHALL04302,2782,1067,2,45 Francis,Hallway Intersection 43 level 2,Hallway B04302,HALL
BHALL04402,3063,963,2,45 Francis,Hallway Intersection 44 Level 2,Hallway B4402,HALL
CCONF001L1,2255,849,L1,45 Francis,Anesthesia Conf Floor L1,Conf C001L1,CONF
CCONF002L1,2665,1043,L1,45 Francis,Medical Records Conference Room Floor L1,Conf C002L1,CONF
CCONF003L1,2445,1245,L1,45 Francis,Abrams Conference Room,Conf C003L1,CONF
CDEPT002L1,1980,844,L1,Tower,Day Surgery Family Waiting Floor L1,Department C002L1,DEPT
CDEPT003L1,1845,844,L1,Tower,Day Surgery Family Waiting Exit Floor L1,Department C003L1,DEPT
CDEPT004L1,2310,1043,L1,45 Francis,Medical Records Film Library Floor L1,Department C004L1,DEPT
CHALL001L1,1732,924,L1,Tower,Hallway 1 Floor L1,Hallway C001L1,HALL
CHALL001L2,2360,854,L2,45 Francis,Hallway K Elevator Floor L2,Hallway C001L2,HALL
CHALL002L1,2445,1043,L1,45 Francis,Hallway 2 Floor L1,Hallway C002L1,HALL
CHALL002L2,2270,904,L2,45 Francis,Hallway 2 Floor L2,Hallway C002L2,HALL
CHALL003L1,2445,1284,L1,45 Francis,Hallway 3 Floor L1,Hallway C003L1,HALL
CHALL003L2,2215,904,L2,45 Francis,Hallway 3 Floor L2,Hallway C003L2,HALL
CHALL004L1,2770,1070,L1,45 Francis,Hallway 4 Floor L1,Hallway C004L1,HALL
CHALL004L2,2130,904,L2,45 Francis,Hallway 4 Floor L2,Hallway C004L2,HALL
CHALL005L1,1750,1284,L1,Tower,Hallway 5 Floor L1,Hallway C005L1,HALL
CHALL005L2,1745,1280,L2,Tower,Hallway 5 Floor L2,Hallway C005L2,HALL
CHALL006L1,2130,1284,L1,Tower,Hallway 6 Floor L1,Hallway C006L1,HALL
CHALL006L2,1745,1009,L2,Tower,Hallway 6 Floor L2,Hallway C006L2,HALL
CHALL007L1,2130,1045,L1,Tower,Hallway 7 Floor L1,Hallway C007L1,HALL
CHALL007L2,1730,1009,L2,Tower,Hallway 7 Floor L2,Hallway C007L2,HALL
CHALL008L1,2215,1045,L1,45 Francis,Hallway 8 Floor L1,Hallway C008L1,HALL
CHALL008L2,1730,924,L2,Tower,Hallway 8 Floor L2,Hallway C008L2,HALL
CHALL009L1,2220,904,L1,45 Francis,Hallway 9 Floor L1,Hallway C009L1,HALL
CHALL009L2,1730,849,L2,Tower,Hallway 9 Floor L2,Hallway C009L2,HALL
CHALL010L1,2265,904,L1,45 Francis,Hallway 10 Floor L1,Hallway C010L1,HALL
CHALL010L2,2130,849,L2,Tower,Hallway 10 Floor L2,Hallway C010L2,HALL
CHALL011L1,2360,849,L1,45 Francis,Hallway 11 Floor L1,Hallway C011L1,HALL
CHALL012L1,2130,904,L1,45 Francis,Hallway 12 Floor L1,Hallway C012L1,HALL
CHALL013L1,2130,844,L1,45 Francis,Hallway 13 Floor L1,Hallway C013L1,HALL
CHALL014L1,1845,924,L1,Tower,Hallway 14 Floor L1,Hallway C014L1,HALL
CHALL015L1,2300,849,L1,45 Francis,Hallway 15 Floor L1,Hallway C015L1,HALL
CLABS001L1,1965,1284,L1,Tower,Outpatient Fluoroscopy Floor L1,Lab C001L1,LABS
CLABS001L2,2300,854,L2,45 Francis,Radiation Oncology TX Suite Floor L2,Lab C001L2,LABS
CLABS002L1,1750,1090,L1,Tower,Pre-Op PACU Floor L1,Lab C002L1,LABS
CLABS002L2,2215,1280,L2,45 Francis,Radiation Oncology Floor L2,Lab C002L2,LABS
CLABS003L1,2290,1284,L1,45 Francis,Nuclear Medicine Floor L1,Lab C003L1,LABS
CLABS004L1,2320,1284,L1,45 Francis,Ultrasound Floor L1,Lab C004L1,LABS
CLABS005L1,2770,1284,L1,45 Francis,CSIR MRI Floor L1,Lab C005L1,LABS
CREST001L1,1732,1019,L1,Tower,Restroom L Elevator Floor L1,Restroom C001L1,REST
CREST001L2,2300,884,L2,45 Francis,Restroom K Elevator Floor L2,Restroom C001L2,REST
CREST002L1,2065,1284,L1,Tower,Restroom M Elevator Floor L1,Restroom C002L1,REST
CREST002L2,1930,1280,L2,45 Francis,Restroom L Elevator Floor L2,Restroom C002L2,REST
CREST003L1,2300,879,L1,45 Francis,Restroom K Elevator Floor L1,Restroom C003L1,REST
CREST004L1,2770,1160,L1,45 Francis,Restroom H Elevator Floor L1,Restroom C004L1,REST
CRETL001L1,2185,904,L1,45 Francis,Vending Machine 1 L1,Retail C001L1,RETL
CSERV001L1,2490,1043,L1,45 Francis,Volunteers Floor L1,Service C001L1,SERV
CSERV001L2,2015,1280,L2,45 Francis,Interpreter Services Floor L2,Service C001L2,SERV
DELEV00A02,4550,375,2,15 Francis,Elevator A Floor 2,Elevator A2,ELEV
DELEV00B02,4155,650,2,15 Francis,Elevator B Floor 2,Elevator B2,ELEV
DELEV00C02,3955,885,2,15 Francis,Elevator C Floor 2,Elevator C2,ELEV
DELEV00D02,3475,760,2,15 Francis,Elevator D Floor 2,Elevator D2,ELEV
DREST00102,4125,625,2,15 Francis,Restroom B elevator Floor 2,Restroom B,REST
DREST00202,3895,695,2,15 Francis,Restroom C elevator Floor 2,Restroom C,REST
DREST00302,3635,830,2,15 Francis,Restroom C-D elevator Floor 2,Restroom C-D,REST
DREST00402,3525,850,2,15 Francis,Restroom D elevator Floor 2,Restroom D,REST
DINFO00102,4210,630,2,15 Francis,15 Francis Security Desk Floor 2,Information Desk,INFO
DINFO00202,3490,825,2,15 Francis,Security Desk Thorn Floor 2,Security Desk,INFO
DDEPT00102,4330,700,2,15 Francis,Chest Diseases Floor 2,Chest Diseases,DEPT
DDEPT00202,4240,730,2,15 Francis,Thoracic Surgery Clinic Floor 2,Thoracic Surgery Clinic,DEPT
DDEPT00302,3900,640,2,15 Francis,Brigham Health Floor 2,Brigham Health,DEPT
DDEPT00402,3425,870,2,15 Francis,Waiting Room Floor 2,Waiting Room,DEPT
DLABS00102,3830,775,2,15 Francis,MRI Associates Floor 2,MRI Associates,LABS
DCONF00102,4595,550,2,15 Francis,Carrie M. Hall Conference Center Floor 2,Conference Center,CONF
DRETL00102,4270,480,2,15 Francis,Pats Place Floor 2,Pats Place,RETL
DEXIT00102,4295,750,2,15 Francis,15 Lobby Entrance Floor 2,15 Lobby Entrance,EXIT
DSTAI00102,4650,675,2,15 Francis,Staircase1 Floor2,Staircase1,STAI
DSTAI00202,4330,580,2,15 Francis,Staircase2 Floor2,Staircase2,STAI
DSTAI00302,4250,440,2,15 Francis,Staircase3 Floor2,Staircase3,STAI
DSTAI00402,4175,620,2,15 Francis,Staircase4 Floor2,Staircase4,STAI
DSTAI00502,4065,630,2,15 Francis,Staircase5 Floor2,Staircase5,STAI
DSTAI00602,3950,865,2,15 Francis,Staircase6 Floor2,Staircase6,STAI
DSTAI00702,3855,565,2,15 Francis,Staircase7 Floor2,Staircase7,STAI
DSTAI00802,3535,645,2,15 Francis,Staircase8 Floor2,Staircase8,STAI
DHALL00102,4770,1140,2,15 Francis,Hallway 1 Floor 2,Hallway D0102,HALL
DHALL00202,4750,1080,2,15 Francis,Hallway 2 Floor 2,Hallway D0202,HALL
DHALL00302,4725,995,2,15 Francis,Hallway 3 Floor 2,Hallway D0302,HALL
DHALL00402,4785,975,2,15 Francis,Hallway 4 Floor 2,Hallway D0402,HALL
DHALL00502,4705,925,2,15 Francis,Hallway 5 Floor 2,Hallway D0502,HALL
DHALL00602,4690,870,2,15 Francis,Hallway 6 Floor 2,Hallway D0602,HALL
DHALL00702,4675,820,2,15 Francis,Hallway 7 Floor 2,Hallway D0702,HALL
DHALL00802,4660,770,2,15 Francis,Hallway 8 Floor 2,Hallway D0802,HALL
DHALL00902,4635,680,2,15 Francis,Hallway 9 Floor 2,Hallway D0902,HALL
DHALL01002,4625,650,2,15 Francis,Hallway 10 Floor 2,Hallway D1002,HALL
DHALL01102,4605,655,2,15 Francis,Hallway 11 Floor 3,Hallway D1102,HALL
DHALL01202,4570,555,2,15 Francis,Hallway 12 Floor 3,Hallway D1202,HALL
DHALL01302,4545,460,2,15 Francis,Hallway 13 Floor 3,Hallway D1302,HALL
DHALL01402,4570,455,2,15 Francis,Hallway 14 Floor 3,Hallway D1402,HALL
DHALL01502,4480,580,2,15 Francis,Hallway 15 Floor 3,Hallway D1502,HALL
DHALL01602,4390,605,2,15 Francis,Hallway 16 Floor 3,Hallway D1602,HALL
DHALL01702,4385,585,2,15 Francis,Hallway 17 Floor 3,Hallway D1702,HALL
DHALL01802,4340,625,2,15 Francis,Hallway 18 Floor 3,Hallway D1802,HALL
DHALL01902,4310,585,2,15 Francis,Hallway 19 Floor 3,Hallway D1902,HALL
DHALL02002,4295,530,2,15 Francis,Hallway 20 Floor 3,Hallway D2002,HALL
DHALL02102,4280,475,2,15 Francis,Hallway 21 Floor 4,Hallway D2102,HALL
DHALL02202,4270,440,2,15 Francis,Hallway 22 Floor 4,Hallway D2202,HALL
DHALL02302,4280,435,2,15 Francis,Hallway 23 Floor 4,Hallway D2302,HALL
DHALL02402,4295,475,2,15 Francis,Hallway 24 Floor 4,Hallway D2402,HALL
DHALL02502,4285,715,2,15 Francis,Hallway 25 Floor 4,Hallway D2502,HALL
DHALL02602,4270,650,2,15 Francis,Hallway 26 Floor 4,Hallway D2602,HALL
DHALL02702,4220,660,2,15 Francis,Hallway 27 Floor 4,Hallway D2702,HALL
DHALL02802,4185,665,2,15 Francis,Hallway 28 Floor 4,Hallway D2802,HALL
DHALL02902,4140,680,2,15 Francis,Hallway 29 Floor 4,Hallway D2902,HALL
DHALL03002,4130,650,2,15 Francis,Hallway 30 Floor 4,Hallway D3002,HALL
DHALL03102,4020,715,2,15 Francis,Hallway 31 Floor 5,Hallway D3102,HALL
DHALL03202,4000,645,2,15 Francis,Hallway 32 Floor 5,Hallway D3202,HALL
DHALL03302,3925,740,2,15 Francis,Hallway 33 Floor 5,Hallway D3302,HALL
DHALL03402,3945,790,2,15 Francis,Hallway 34 Floor 5,Hallway D3402,HALL
DHALL03502,3955,830,2,15 Francis,Hallway 35 Floor 5,Hallway D3502,HALL
DHALL03602,3965,860,2,15 Francis,Hallway 36 Floor 5,Hallway D3602,HALL
DHALL03702,3970,880,2,15 Francis,Hallway 37 Floor 5,Hallway D3702,HALL
DHALL03802,3980,910,2,15 Francis,Hallway 38 Floor 5,Hallway D3802,HALL
DHALL03902,3910,685,2,15 Francis,Hallway 39 Floor 5,Hallway D3902,HALL
DHALL04002,3875,560,2,15 Francis,Hallway 40 Floor 5,Hallway D4002,HALL
DHALL04102,3870,540,2,15 Francis,Hallway 41 Floor 6,Hallway D4102,HALL
DHALL04202,3865,750,2,15 Francis,Hallway 42 Floor 6,Hallway D4202,HALL
DHALL04302,3860,725,2,15 Francis,Hallway 43 Floor 6,Hallway D4302,HALL
DHALL04402,3775,745,2,15 Francis,Hallway 44 Floor 6,Hallway D4402,HALL
DHALL04502,3825,760,2,15 Francis,Hallway 45 Floor 6,Hallway D4502,HALL
DHALL04602,3745,780,2,15 Francis,Hallway 46 Floor 6,Hallway D4602,HALL
DHALL04702,3655,805,2,15 Francis,Hallway 47 Floor 6,Hallway D4702,HALL
DHALL04802,3645,775,2,15 Francis,Hallway 48 Floor 2,Hallway D4802,HALL
DHALL04902,3630,810,2,15 Francis,Hallway 49 Floor 2,Hallway D4902,HALL
DHALL05002,3575,825,2,15 Francis,Hallway 50 Floor 2,Hallway D5002,HALL
DHALL05102,3555,730,2,15 Francis,Hallway 51 Floor 2,Hallway D5102,HALL
DHALL05202,3525,840,2,15 Francis,Hallway 52 Floor 2,Hallway D5202,HALL
DHALL05302,3490,845,2,15 Francis,Hallway 53 Floor 2,Hallway D5302,HALL
DHALL05402,3450,850,2,15 Francis,Hallway 54 Floor 2,Hallway D5402,HALL
DHALL05502,3440,800,2,15 Francis,Hallway 55 Floor 2,Hallway D5502,HALL
DHALL05602,3480,790,2,15 Francis,Hallway 56 Floor 2,Hallway D5602,HALL
DHALL05702,3510,790,2,15 Francis,Hallway 57 Floor 2,Hallway D5702,HALL
DHALL05802,3420,850,2,15 Francis,Hallway 58 Floor 2,Hallway D5802,HALL
PHALL00102,4300,630,2,45 Francis,Kiosk,HALL,HALL
ESTAI00101,2190,910,1,45 Francis,Staircase K1 Floor 1,Stair K1,STAI
EHALL00301,2240,910,1,45 Francis,Hallway Node 1 Floor 1,Hall 01,HALL
EHALL00401,2275,910,1,45 Francis,Hallway Node 2 Floor 1,HallE02,HALL
ESTAI00201,2275,830,1,45 Francis,Staircase J1 Floor 1,Stair J1,STAI
EEXIT00101,2275,785,1,45 Francis,Ambulance Parking Exit Floor 1,AmbExit 1,EXIT
EHALL00501,2290,910,1,45 Francis,Hallway Node 3 Floor 1,HallE03,HALL
EHALL00601,2385,910,1,45 Francis,Hallway Node 4 Floor 1,HallE04,HALL
EHALL00701,2385,860,1,45 Francis,Hallway Node 5 Floor 1,HallE05,HALL
EDEPT00101,2335,860,1,45 Francis,Waiting Room 1 Floor 1,Wait 1,DEPT
EHALL00801,2460,910,1,45 Francis,Hallway Node 6 Floor 1,HallE06,HALL
EINFO00101,2460,850,1,45 Francis,Connors Center Security Desk Floor 1,Security 1,INFO
EHALL00901,2585,910,1,45 Francis,Hallway Node 7 Floor 1,HallE07,HALL
EHALL01001,2585,890,1,45 Francis,Hallway Node 8 Floor 1,HallE08,HALL
EHALL01101,2610,910,1,45 Francis,Hallway Node 9 Floor 1,HallE09,HALL
EHALL01201,2610,954,1,45 Francis,Hallway Node 10 Floor 1,HallE10,HALL
EHALL01301,2660,954,1,45 Francis,Hallway Node 11 Floor 1,HallE11,HALL
EHALL01401,2660,979,1,45 Francis,Hallway Node 12 Floor 1,HallE12,HALL
EHALL01501,2675,910,1,45 Francis,Hallway Node 13 Floor 1,HallE13,HALL
EHALL01601,2910,910,1,45 Francis,Hallway Node 14 Floor 1,HallE14,HALL
EHALL01701,2910,890,1,45 Francis,Hallway Node 15 Floor 1,HallE15,HALL
EHALL01801,2925,910,1,45 Francis,Hallway Node 16 Floor 1,HallE16,HALL
EHALL01901,2960,900,1,45 Francis,Hallway Node 17 Floor 1,HallE17,HALL
EHALL02001,2950,745,1,45 Francis,Hallway Node 18 Floor 1,HallE18,HALL
EREST00101,2950,730,1,45 Francis,Restroom G1 Floor 1,Restroom G1,REST
EEXIT00201,2950,705,1,45 Francis,Exit 2 Floor 1,Exit 2,EXIT
ELABS00101,3050,730,1,45 Francis,Asthma Research Floor 1,Asthma 1,LABS
EDEPT00201,3100,890,1,45 Francis,Wound and Ambulatory 1,WCCAT 1,DEPT
EDEPT00301,3200,880,1,45 Francis,Ocupational Health Floor 1,Ocupational 1,DEPT
EHALL02101,3230,880,1,45 Francis,Hallway Node 19 Floor 1,HallE19,HALL
EHALL02201,3270,875,1,45 Francis,Hallway Node 20 Floor 1,HallE20,HALL
EHALL02301,3325,870,1,45 Francis,Hallway Node 21 Floor 1,HallE21,HALL
EHALL02401,2770,980,1,45 Francis,Hallway Node 22 Floor 1,HallE22,HALL
EHALL02501,2925,980,1,45 Francis,Hallway Node 23 Floor 1,HallE23,HALL
EREST00201,2985,980,1,45 Francis,Restroom F1 Floor 1,Restroom F1,REST
EHALL02601,3085,980,1,45 Francis,Hallway Node 24 Floor 1,HallE24,HALL
EHALL02701,3085,1000,1,45 Francis,Hallway Node 25 Floor 1,HallE25,HALL
EHALL02801,2925,1050,1,45 Francis,Hallway Node 26 Floor 1,HallE26,HALL
EHALL02901,2770,1070,1,45 Francis,Hallway Node 27 Floor 1,HallE27,HALL
EHALL03001,2790,1070,1,45 Francis,Hallway Node 28 Floor 1,HallE28,HALL
ESTAI00301,2790,1155,1,45 Francis,Staircase H1 Floor 1,Stair H1,STAI
EREST00301,2790,1190,1,45 Francis,Restroom H1 Floor 1,Restroom H1,REST
ELABS00201,2790,1290,1,45 Francis,Ambulatory X-Ray Floor 1,X-Ray 1,LABS
EDEPT00401,2790,1380,1,45 Francis,Rehabilitation Services Floor 1,Rehab 1,DEPT
EHALL03101,2790,1460,1,45 Francis,Hallway Node 29 Floor 1,HallE29,HALL
EHALL03201,2670,1380,1,45 Francis,Hallway Node 30 Floor 1,HallE30,HALL
EHALL03301,2605,1380,1,45 Francis,Hallway Node 31 Floor 1,HallE31,HALL
ESTAI00401,2605,1340,1,45 Francis,Staircase H2 Floor 1,Stair H2,STAI
EHALL03401,2835,1460,1,45 Francis,Hallway Node 32 Floor 1,HallE32,HALL
EHALL03501,2760,1460,1,45 Francis,Hallway Node 33 Floor 1,HallE33,HALL
EHALL03601,2760,1405,1,45 Francis,Hallway Node 34 Floor 1,HallE34,HALL
FHALL00101,2055,910,1,Tower,Lower Pike Hallway Exit Lobby,Hallway F00101,HALL
FHALL00201,2026,910,1,Tower,Lobby Shattuck Street,Hallway F00201,HALL
FSTAI00101,2026,892,1,Tower,Lobby Shattuck Street Stairs,Stairway F00101,STAI
FHALL00301,2017,910,1,Tower,Shattuck Street Lobby 1,Hallway F00301,HALL
FEXIT00101,2017,799,1,Tower,Shattuck Street Lobby Exit,Shattuck St. Exit,EXIT
FHALL00401,1973,910,1,Tower,Shattuck Street Lobby 2,Hallway F00401,HALL
FRETL00101,1973,844,1,Tower,Lobby Vending Machine,VM Lobby,RETL
FHALL00501,1950,910,1,Tower,Shattuck Street Lobby 3,Hallway F00501,HALL
FSERV00101,1950,871,1,Tower,Shattuck Street Lobby ATM,Lobby ATM,SERV
FHALL00601,1869,930,1,Tower,Tower Lobby Entrance 1,Tower Entrance,HALL
FHALL00701,1758,930,1,Tower,Tower Elevator Entrance,Hallway F00701,HALL
FHALL00801,1758,850,1,Tower,Tower Hallway 1,Hallway F00801,HALL
FHALL01301,1627,825,1,Tower,Tower Hallway 5,Hallway F01301,HALL
FHALL00901,1627,850,1,Tower,Tower Hallway 2,Hallway F00901,HALL
FHALL01001,1627,802,1,Tower,Tower Hallway 3,Hallway F01001,HALL
FSTAI00201,1673,802,1,Tower,Tower Stairway 1,Tower Stairs 1,STAI
FHALL01101,1627,930,1,Tower,Tower Hallway 4,Hallway F01101,HALL
FHALL01201,1548,930,1,Tower,Tower Staff Entrance,Hallway F01201,HALL
FDEPT00101,1617,825,1,Tower,Center for International Medicine,CIM,DEPT
FSERV00401,1721,970,1,Tower,Spiritual Care Office,SCO,DEPT
FHALL01401,1627,1029,1,Tower,Tower Hallway 6,Hallway F01401,HALL
FSERV00201,1605,1029,1,Tower,Tower Medical Cashier,Tower Cashier,SERV
FHALL01501,1627,1060,1,Tower,Tower Hallway 7,Hallway F01501,HALL
FHALL01601,1758,1060,1,Tower,Tower Hallway 8,Hallway F01601,HALL
FHALL01701,1721,956,1,Tower,Tower Hallway 9,Hallway F01701,HALL
FDEPT00301,1721,931,1,Tower,Multifaith Chapel,Chapel,DEPT
FHALL01801,1758,956,1,Tower,Tower Hallway 10,Hallway F01801,HALL
FHALL01901,1758,1120,1,Tower,Tower Hallway 11,Hallway F01901,HALL
FHALL02001,1700,1120,1,Tower,Tower Hallway 12,Hallway F02001,HALL
FDEPT00201,1610,1120,1,Tower,Bretholtz Center for Patients and Families,Bretholtz WR,DEPT
FSERV00301,1700,1158,1,Tower,Kessler Library,Kessler Library,SERV
FHALL02101,1769,1146,1,Tower,Tower Hallway Entrance,Tower Entrance 2,HALL
FDEPT00401,1794,1146,1,Tower,Sharf Admitting Center,Sharf Center,DEPT
FHALL02201,1769,1280,1,Tower,Hallway Lobby Entrance,Entrance Hallway,HALL
FLABS00101,1845,1250,1,Tower,Obstetrics Admitting,Obs Admitting,LABS
FHALL02301,1845,1280,1,Tower,Lobby Hallway 1,Hallway F02301,HALL
FHALL02401,1965,1280,1,Tower,Lobby Hallway 2,Hallway F02401,HALL
FHALL02501,1965,1239,1,Tower,Lobby Hallway 3,Hallway F02501,HALL
FSTAI00301,1947,1239,1,Tower,Lobby Escalator,Lobby Escalator,STAI
FHALL02601,2026,1239,1,Tower,Lobby Hallway 4,Hallway F02601,HALL
FHALL02701,2066,1239,1,Tower,Lobby Hallway 7,Hallway F02701,HALL
FDEPT00501,2128,1300,1,Tower,Emergency Department,Emergency,DEPT
FHALL02801,1748,1280,1,Tower,Lobby Entrance Hallway,HallwayF02801,HALL
FEXIT00201,1748,1321,1,Tower,75 Francis Valet Drop-off,75 Francis Exit,EXIT
FHALL02901,1700,1280,1,Tower,75 Lobby,75 Lobby,HALL
FINFO00101,1700,1226,1,Tower,75 Lobby Information Desk,Lobby Info Desk,INFO
FSERV00501,1645,1280,1,Tower,75 Lobby Valet Cashier,Valet Cashier,SERV
FHALL03001,1645,1246,1,Tower,Lobby Hallway 5,Hallway F02701,HALL
FRETL00201,1609,1246,1,Tower,Au Bon Pain,ABP,RETL
FHALL03101,2026,976,1,Tower,Lobby Hallway 6,Hallway F02801,HALL
FREST00101,2091,976,1,Tower,Bathroom 75 Lobby,Bathroom Lobby,REST
FEXIT00301,2099,1357,1,Tower,Emergency Department Entrance,Emergency Entrance,EXIT
FHALL03201,1758,1029,1,Tower,Tower Hallway 13,Hallway F03201,HALL
FDEPT00601,1780,1029,1,Tower,International Patient Center,IPC,DEPT
FHALL03301,2066,1282,1,Tower,Emergency Hallway,Hallway F03301,HALL
GCONF02001,1493,2117,1,Shapiro,Shapiro Board Room MapNode 20 Floor 1,Shapiro Board Room,CONF
GDEPT01901,1566,2139,1,Shapiro,Zinner Breakout Room MapNode 19 Floor 1,Zinner Breakout Room,DEPT
GELEV00N01,1647,1930,1,Shapiro,Elevator N MapNode 26 Floor 1,Hall,ELEV
GELEV00Q01,1648,2161,1,Shapiro,Elevator Q MapNode 18 Floor 1,Elevator Q Floor 1,ELEV
GEXIT00101,1751,1825,1,Shapiro,Francis Street Exit MapNode 1 Floor 1,Francis Street Exit Floor 1,EXIT
GHALL00201,1722,1832,1,Shapiro,Hallway MapNode 2 Floor 1,Hall,HALL
GHALL00301,1705,1831,1,Shapiro,Hallway MapNode 3 Floor 1,Hall,HALL
GHALL00601,1707,2015,1,Shapiro,Hallway MapNode 6 Floor 1,Hall,HALL
GHALL00701,1708,2092,1,Shapiro,Hallway MapNode 7 Floor 1,Hall,HALL
GHALL00801,1707,2152,1,Shapiro,Hallway MapNode 8 Floor 1,Hall,HALL
GHALL00901,1707,2164,1,Shapiro,Hallway MapNode 9 Floor 1,Hall,HALL
GHALL01001,1673,2165,1,Shapiro,Hallway MapNode 10 Floor 1,Hall,HALL
GHALL01401,1749,2151,1,Shapiro,Hallway MapNode 14 Floor 1,Hall,HALL
GHALL01501,1749,2224,1,Shapiro,Hallway MapNode 15 Floor 1,Hall,HALL
GHALL01601,1689,2225,1,Shapiro,Hallway MapNode 16 Floor 1,Hall,HALL
GHALL01701,1605,2093,1,Shapiro,Hallway MapNode 17 Floor 1,Hall,HALL
GHALL02101,1600,1830,1,Shapiro,Hallway MapNode 21 Floor 1,Hall,HALL
GHALL02201,1601,1866,1,Shapiro,Hallway MapNode 22 Floor 1,Hall,HALL
GHALL02401,1602,1928,1,Shapiro,Hallway MapNode 24 Floor 1,Hall,HALL
GHALL02801,1270,1830,1,Shapiro,Hallway MapNode 28 Floor 1,Hall,HALL
GHALL02901,1262,1850,1,Shapiro,Hallway MapNode 29 Floor 1,Hall,HALL
GHALL03001,1256,1858,1,Shapiro,Hallway MapNode 30 Floor 1,Hall,HALL
GHALL03101,1227,1859,1,Shapiro,Hallway MapNode 31 Floor 1,Hall,HALL
GHALL03301,1255,1872,1,Shapiro,Hallway MapNode 33 Floor 1,Hall,HALL
GHALL03401,1284,1872,1,Shapiro,Hallway MapNode 34 Floor 1,Hall,HALL
GREST01201,1671,2015,1,Shapiro,Bathroom MapNode 12 Floor 1,Restroom Shapiro Floor 1,REST
GRETL03501,1284,1884,1,Shapiro,Random Room MapNode 35 Floor 1,Secret Room Floor 1,REST
GSERV02301,1600,1895,1,Shapiro,ATM MapNode 23 Floor 1,ATM Floor 1,SERV
GSTAI00501,1707,1992,1,Shapiro,Stairway MapNode 5 Floor 1,Northbound Stairs Floor 2,STAI
GSTAI01301,1750,2014,1,Shapiro,Staircase MapNode 13 Floor 1,Southbound Stairs Floor 1,STAI
GDEPT00702,1341,1778,2,Shapiro,Waiting room? Node 7 Floor 2,Waiting Area Shapiro Floor 2,DEPT
GDEPT02402,1578,1932,2,Shapiro,Watkins A Node 24 Floor 2 Floor 2,Watkins A,DEPT
GDEPT03502,1580,2166,2,Shapiro,Watkins B Node 35 Floor 2,Watkins B,DEPT
GELEV00N02,1630,1931,2,Shapiro,Elevator N Node 25 Floor 2,Elevator N Floor 1,ELEV
GELEV00Q02,1628,2102,2,Shapiro,Elevator Q Node 31a Floor 2,Elevator Q Floor 2,ELEV
GHALL00102,1170,1780,2,Shapiro,Hall Node 1 Floor 2,Hall,HALL
GHALL00202,1168,1820,2,Shapiro,Hall Node 2 Floor 2,Hall,HALL
GHALL00302,1231,1781,2,Shapiro,Hall Node 3 Floor 2,Hall,HALL
GHALL00402,1230,1820,2,Shapiro,Hall Node 4 Floor 2,Hall,HALL
GHALL00502,1283,1781,2,Shapiro,Hall Node 5 Floor 2,Hall,HALL
GHALL01002,1340,1820,2,Shapiro,Hall Node 10 Floor 2,Hall,HALL
GHALL01102,1396,1781,2,Shapiro,Hall Node 11 Floor 2,Hall,HALL
GHALL01202,1395,1820,2,Shapiro,Hall Node 12 Floor 2,Hall,HALL
GHALL01302,1450,1781,2,Shapiro,Hall Node 13 Floor 2,Hall,HALL
GHALL01402,1450,1820,2,Shapiro,Hall Node 14 Floor 2,Hall,HALL
GHALL01502,1502,1781,2,Shapiro,Hall Node 15 Floor 2,Hall,HALL
GHALL01602,1502,1820,2,Shapiro,Hall Node 16 Floor 2,Hall,HALL
GHALL01702,1578,1820,2,Shapiro,Hall Node 17 (Exit?) Floor 2,Hall,HALL
GHALL01802,1630,1801,2,Shapiro,Hall Node 18 Floor 2,Hall,HALL
GHALL02002,1684,1801,2,Shapiro,Hall Node 20 Floor 2,Hall,HALL
GHALL02102,1683,1821,2,Shapiro,Hall Node 21 Floor 2,Hall,HALL
GHALL02202,1720,1801,2,Shapiro,Hall Node 22 Floor 2,Hall,HALL
GHALL02302,1726,1835,2,Shapiro,Hall Node 23 Floor 2,Hall,HALL
GHALL02702,1726,1930,2,Shapiro,Hall Node 27 Floor 2,Hall,HALL
GHALL02902,1728,2042,2,Shapiro,Hall Node 29 Floor 2,Hall,HALL
GHALL03002,1580,2090,2,Shapiro,Hall Node 30 Floor 2,Hall,HALL
GHALL03202,1684,2091,2,Shapiro,Hall Node 32 Floor 2,Hall,HALL
GHALL03302,1692,2124,2,Shapiro,Hall Node 33 Floor 2,Hall,HALL
GHALL03402,1724,2123,2,Shapiro,Hall Node 34 Floor 2,Hall,HALL
GHALL03602,1580,2208,2,Shapiro,Hall Node 36 Floor 2,Hall,HALL
GHALL03702,1692,2211,2,Shapiro,Hall Node 37 Floor 2,Hall,HALL
GHALL03802,1726,2210,2,Shapiro,Hall Node 38 Floor 2,Hall,HALL
GINFO01902,1630,1821,2,Shapiro,Info Node 19 Floor 2,Information Center Shapiro Floor 2,INFO
GREST00602,1284,1821,2,Shapiro,Restroom Node 6 Floor 2,Restroom 1 Shapiro Floor 2,REST
GREST03102,1628,2092,2,Shapiro,Restroom Node 31 Floor 2,Handicap Accessible Restrooms Shapiro Floor 2,REST
GSTAI02602,1686,1931,2,Shapiro,Stairs Node 26 Floor 2,Floor 2 Stairs Upper,STAI
GSTAI02802,1685,2041,2,Shapiro,Stairs Node 28 Floor 2,Floor 2 Stairs Lower,STAI
GDEPT00403,1580,2142,3,Shapiro,Brigham Circle Medical Associates Node 4 Floor 3,Brigham Circle Medical Associates,DEPT
GDEPT01403,1580,1904,3,Shapiro,Watkins Clinic C Node 14 Floor 3,Watkins Clinic C,DEPT
GELEV00N03,1628,1904,3,Shapiro,Elevator N Node 15 Floor 3,Elevator N Floor 3,ELEV
GELEV00Q03,1628,2142,3,Shapiro,Elevator Q Node 5 Floor 3,Elevator Q Floor 3,ELEV
GHALL00103,1562,2230,3,Shapiro,Hallway Node 1 Floor 3,Hall,HALL
GHALL00203,1580,2230,3,Shapiro,Hallway Node 2 Floor 3,Hall,HALL
GHALL00303,1580,2180,3,Shapiro,Hallway Node 3 Floor 3,Hall,HALL
GHALL00603,1685,2142,3,Shapiro,Hallway Node 6 Floor 3,Hall,HALL
GHALL00703,1685,2230,3,Shapiro,Hallway Node 7 Floor 3,Hall,HALL
GHALL00803,1685,2106,3,Shapiro,Hallway Node 8 Floor 3,Hall,HALL
GHALL01003,1580,2070,3,Shapiro,Hallway Node 10 Floor 3,Hall,HALL
GHALL01103,1628,2070,3,Shapiro,Hallway Node 11 Floor 3,Hall,HALL
GHALL01303,1580,2006,3,Shapiro,Hallway Node 13 Floor 3,Hall,HALL
GREST01203,1628,2052,3,Shapiro,Restroom Node 12 Floor 3,Restroom Shapiro Floor 3,REST
GSERV01603,1580,1858,3,Shapiro,The Porch Node 16 Floor 3,The Porch,SERV
GSTAI00903,1685,2052,3,Shapiro,Staircase Node 9 Floor 3,Floor 3 Stairs,STAI
GELEV00QL1,1637,2116,L1,Shapiro,Elevator Q MapNode 7 Floor L1,Elevator Q L1,ELEV
GEXIT001L1,1702,2260,L1,Shapiro,Fenwood Road Exit MapNode 1 Floor L1,Fenwood Road EntranceExit L1,EXIT
GHALL002L1,1702,2167,L1,Shapiro,Hallway MapNode 2 Floor L1,Hall,HALL
GHALL003L1,1688,2167,L1,Shapiro,Hallway MapNode 3 Floor L1,Hall,HALL
GHALL004L1,1666,2167,L1,Shapiro,Hallway MapNode 4 Floor L1,Hall,HALL
GHALL005L1,1688,2131,L1,Shapiro,Hallway MapNode 5 Floor L1,Hall,HALL
GHALL006L1,1665,2116,L1,Shapiro,Hallway MapNode 6 Floor L1,Hall,HALL
GSTAI008L1,1720,2131,L1,Shapiro,Stairs MapNode 8 Floor L1,L1 Stairs,STAI
GELEV00QL2,1625,2089,L2,Shapiro,Elevator Q MapNode 6 Floor L2,Elevator Q L2,ELEV
GHALL001L2,1730,1584,L2,Shapiro,Hallway MapNode 1 Floor L2,Hall,HALL
GHALL005L2,1642,2089,L2,Shapiro,Hallway MapNode 5 Floor L2,Hall,HALL
GHALL007L2,1578,2089,L2,Shapiro,Hallway MapNode 7 Floor L2,Hall,HALL
GHALL008L2,1577,2195,L2,Shapiro,Hallway MapNode 8 Floor L2,Hall,HALL
GHALL009L2,1578,2031,L2,Shapiro,Hallway MapNode 9 Floor L2,Hall,HALL
GHALL010L2,1550,2031,L2,Shapiro,Hallway MapNode 10 Floor L2,Hall,HALL
GHALL011L2,1550,1966,L2,Shapiro,Hallway MapNode 11 Floor L2,Hall,HALL
GHALL012L2,1512,1966,L2,Shapiro,Hallway MapNode 12 Floor L2,Hall,HALL
GHALL013L2,1512,1909,L2,Shapiro,Hallway MapNode 13 Floor L2,Hall,HALL
GHALL016L2,1512,1701,L2,Shapiro,Hallway MapNode 16 Floor L2,Hall,HALL
GHALL017L2,1512,1539,L2,Shapiro,Hallway MapNode 17 Floor L2,Hall,HALL
GLABS003L2,1729,2089,L2,Shapiro,Cardiovascular Imaging Center Floor L2,Cardiovascular Imaging Center,LABS
GLABS014L2,1512,1844,L2,Shapiro,Cardiac Stress Test Lab Floor L2,Cardiac Stress Test Lab,LABS
GLABS015L2,1512,1811,L2,Shapiro,CVRR Floor L2,CVRR,LABS
GREST004L2,1680,2090,L2,Shapiro,Restroom MapNode 4 Floor L2,Restroom Shapiro L2,REST
HHALL00102,1875,925,2,Tower,Hallway Connector 1 Floor 2,Hallway H00102,HALL
HHALL00202,1955,900,2,Tower,Hallway Connector 2 Floor 2,Hallway H00202,HALL
HRETL00102,1935,860,2,Tower,Garden Cafe,Garden Cafe,RETL
HHALL00302,2035,900,2,Tower,Hallway Connector 3 Floor 2,Hallway H00302,HALL
HSTAI00102,2060,880,2,Tower,Stairwell 1 Floor 2,Stairwell 0102,STAI
HHALL00402,1875,1025,2,Tower,Hallway Connector 4 Floor 2,Hallway H00402,HALL
HHALL00502,1825,1025,2,Tower,Hallway Connector 5 Floor 2,Hallway H00502,HALL
HRETL00202,1615,1025,2,Tower,Vending Machine Floor 2?,Vending Machine,RETL
HBATH00102,1605,1008,2,Tower,Bathroom 1 Tower Floor 2,Bathroom 0102,BATH
HRETL00302,1825,1080,2,Tower,Gift Shop Tower Floor 2,Gift Shop,RETL
HHALL00602,1775,1080,2,Tower,Hallway Connector 6 Floor 2,Hallway H00602,HALL
HHALL00702,1740,1165,2,Tower,Hallway Connector 7 Floor 2,Hallway H00702,HALL
HSTAI00202,1695,1165,2,Tower,Stairwell 2 Tower Floor 2,Stairwell 0202,STAI
HHALL00802,1740,1230,2,Tower,Hallway Connector 8 Floor 2,Hallway H00802,HALL
HSTAI00302,1790,1230,2,Tower,Escalator 1 Floor 2,Escalator 1 Floor 2,STAI
HHALL00902,1740,1280,2,Tower,Hallway Connector 9 Floor 2,Hallway H00902,HALL
HHALL01002,2055,1280,2,Tower,Hallway Connector 10 Floor 2,Hallway H01002,HALL
HDEPT00102,2055,1330,2,Tower,Endoscopy,Endoscopy,DEPT
HHALL00503,1680,1290,3,Tower,Hallway Connector 5 Floor 3,Hallway H00502,HALL
HSTAI00103,1680,1275,3,Tower,Stairwell 1 Floor 3,Stairwell,STAI
HHALL00403,1325,1290,3,Tower,Hallway Connector 4 Floor 3,Hallway H00403,HALL
HHALL00303,1325,985,3,Tower,Hallway Connector 3 Floor 3,Hallway H00303,HALL
HHALL00203,1235,985,3,Tower,Hallway Connector 2 Floor 3,Hallway H00203,HALL
HLABS00103,1235,865,3,Tower,Reproductive Endocrine Labs,Reproductive Endocrine Labs,LABS
HHALL00103,1325,655,3,Tower,Hallway Connector 1 Floor 3,Hallway H00103,HALL
HHALL00603,1735,925,3,Tower,Hallway Connector 6 Floor 3,Hallway H00603,HALL
HHALL00703,1735,900,3,Tower,Hallway Connector 7 Floor 3,Hallway H00703,HALL
HDEPT00103,1725,900,3,Tower,Dialysis Waiting Room,Dialysis WR,DEPT
HHALL00803,1735,865,3,Tower,Hallway Connector 8 Floor 3,Hallway H00803,HALL
HSERV00103,1750,865,3,Tower,Nursing Room,Nursing Room,SERV
HHALL00903,1735,820,3,Tower,Hallway Connector 9 Floor 3,Hallway H00903,HALL
HHALL01003,1785,820,3,Tower,Hallway Connector 10 Floor 3,Hallway H01003,HALL
HBATH00103,1785,830,3,Tower,Bathroom 1 Tower Floor 3,Bathroom 0103,BATH
HHALL01103,1690,820,3,Tower,Hallway Connector 11 Floor 3,Hallway H01103,HALL
HDEPT00203,1690,830,3,Tower,MICU 3BC Waiting Room,MICU 3BC WR,DEPT
HHALL01203,1600,820,3,Tower,Hallway Connector 12 Floor 3,Hallway H01203,HALL
HHALL01303,1600,1030,3,Tower,Hallway Connector 13 Floor 3,Hallway H01303,HALL
HHALL01403,1735,1030,3,Tower,Hallway Connector 14 Floor 3,Hallway H01403,HALL
HHALL01503,1735,985,3,Tower,Hallway Connector 15 Floor 3,Hallway H01503,HALL
HBATH00203,1750,985,3,Tower,Bathroom 2 Tower Floor 3,Bathroom 0203,BATH
IHALL00103,2255,1290,3,45 Francis,Hallway Node 1,H1,HALL
IHALL00203,2323,1290,3,45 Francis,Hallway Node 2,H2,HALL
IHALL00303,2448,1290,3,45 Francis,Hallway Node 3,H3,HALL
IHALL00403,2570,1290,3,45 Francis,Hallway Node 4,H4,HALL
IHALL00503,2730,1290,3,45 Francis,Hallway Node 5,H5,HALL
IHALL00603,2772,1290,3,45 Francis,Hallway Node 6,H6,HALL
IHALL00703,2772,1227,3,45 Francis,Hallway Node 7,H7,HALL
IHALL00803,2772,1147,3,45 Francis,Hallway Node 8,H8,HALL
IHALL00903,2649,1075,3,45 Francis,Hallway Node 9,H9,HALL
IHALL01003,2772,1075,3,45 Francis,Hallway Node 10,H10,HALL
IHALL01103,2922,1075,3,45 Francis,Hallway Node 11,H11,HALL
IHALL01203,2220,1034,3,45 Francis,Hallway Node 12,H12,HALL
IHALL01303,2323,1034,3,45 Francis,Hallway Node 13,H13,HALL
IHALL01403,2323,993,3,45 Francis,Hallway Node 14,H14,HALL
IHALL01503,2220,944,3,45 Francis,Hallway Node 15,H15,HALL
IHALL01603,2252,851,3,45 Francis,Hallway Node 16,H16,HALL
IHALL01703,2323,851,3,45 Francis,Hallway Node 17,H17,HALL
IHALL01803,2362,851,3,45 Francis,Hallway Node 18,H18,HALL
IHALL01903,2492,851,3,45 Francis,Hallway Node 19,H19,HALL
IHALL02003,2597,851,3,45 Francis,Hallway Node 20,H20,HALL
IHALL02203,2362,764,3,45 Francis,Hallway Node 22,H22,HALL
IREST00103,2255,1255,3,45 Francis,Restroom 1 - Family,R1,REST
IREST00203,2570,1257,3,45 Francis,Restroom 2,R2,REST
IREST00303,2745,1147,3,45 Francis,Restroom 3,R3,REST
IREST00403,2300,1018,3,45 Francis,Restroom 4 - M wheelchair,R4,REST
IREST00503,2277,995,3,45 Francis,Restroom 5 - F wheelchair,R5,REST
IDEPT00103,2323,1328,3,45 Francis,Center for Infertility and Reproductive Surgery,D1,DEPT
IDEPT00203,2448,1328,3,45 Francis,Gynecology Oncology MIGS,D2,DEPT
IDEPT00303,2730,1315,3,45 Francis,General Surgical Specialties Suite A,D3,DEPT
IDEPT00403,2738,1227,3,45 Francis,General Surgical Specialties Suite B,D4,DEPT
IDEPT00503,2868,1075,3,45 Francis,Urology,D5,DEPT
IDEPT00603,2333,764,3,45 Francis,Maternal Fetal Practice,D6,DEPT
IDEPT00703,2400,764,3,45 Francis,Obstetrics,D7,DEPT
IDEPT00803,2492,887,3,45 Francis,Fetal Med & Genetics,D8,DEPT
IDEPT00903,2631,851,3,45 Francis,Gynecology,D9,DEPT
WELEV00E01,3265,830,1,45 Francis,Elevator E Floor 1,Elevator E1,ELEV
WELEV00E02,3235,880,2,45 Francis,Elevator E Floor 2,Elevator E2,ELEV
WELEV00F01,3050,980,1,45 Francis,Elevator F Floor 1,Elevator F1,ELEV
WELEV00F02,3075,960,2,45 Francis,Elevator F Floor 2,Elevator F2,ELEV
WELEV00G01,2935,900,1,45 Francis,Elevator G Floor 1,Elevator G1,ELEV
WELEV00G02,2945,870,2,45 Francis,Elevator G Floor 2,Elevator G2,ELEV
WELEV00HL1,2715,1070,L1,45 Francis,Elevator H Floor L1,Elevator HL1,ELEV
WELEV00H01,2735,1070,1,45 Francis,Elevator H Floor 1,Elevator H1,ELEV
WELEV00H02,2725,1065,2,45 Francis,Elevator H Floor 2,Elevator H2,ELEV
WELEV00H03,2715,1075,3,45 Francis,Elevator H Floor 3,Elevator H3,ELEV
WELEV00JL2,2360,804,L2,45 Francis,Elevator J Floor L2,Elevator JL2,ELEV
WELEV00JL1,2360,799,L1,45 Francis,Elevator J Floor L1,Elevator JL1,ELEV
WELEV00J01,2385,810,1,45 Francis,Elevator J Floor 1,Elevator J1,ELEV
WELEV00J02,2385,800,2,45 Francis,Elevator J Floor 2,Elevator J2,ELEV
WELEV00J03,2365,800,3,45 Francis,Elevator J Floor 3,Elevator J3,ELEV
WELEV00KL2,2215,974,L2,45 Francis,Elevator K Floor L2,Elevator KL2,ELEV
WELEV00KL1,2220,974,L1,45 Francis,Elevator K Floor L1,Elevator KL1,ELEV
WELEV00K01,2240,985,1,45 Francis,Elevator K Floor 1,Elevator K1,ELEV
WELEV00K02,2240,965,2,45 Francis,Elevator K Floor 2,Elevator K2,ELEV
WELEV00K03,2220,985,3,45 Francis,Elevator K Floor 3,Elevator K3,ELEV
WELEV00LL2,1785,924,L2,Tower,Elevator L Floor L2,Elevator LL2,ELEV
WELEV00LL1,1785,924,L1,Tower,Elevator L Floor L1,Elevator LL1,ELEV
WELEV00L01,1810,930,1,Tower,Elevator L Floor 1,Elevator L1,ELEV
WELEV00L02,1805,925,2,Tower,Elevator L Floor 2,Elevator L2,ELEV
WELEV00L03,1790,925,3,Tower,Elevator L Floor 3,Elevator L3,ELEV
WELEV00ML2,1820,1280,L2,Tower,Elevator M Floor L2,Elevator ML2,ELEV
WELEV00ML1,1820,1284,L1,Tower,Elevator M Floor L1,Elevator ML1,ELEV
WELEV00M01,1810,1280,1,Tower,Elevator M Floor 1,Elevator M1,ELEV
WELEV00M02,1825,1280,2,Tower,Elevator M Floor 2,Elevator M2,ELEV
WELEV00M03,1815,1290,3,Tower,Elevator M Floor 3,Elevator M3,ELEV
WHALL001L2,1745,1524,L2,Tower,Hallway Connector 1 Floor L2,Hallway W01L2,HALL
WHALL002L2,1745,1539,L2,Shapiro,Hallway Connector 2 Floor L2,Hallway W02L2,HALL
WHALL00101,2160,910,1,45 Francis,Hallway Connector 1 Floor 1,Hallway W0101,HALL
WHALL00201,2175,910,1,45 Francis,Hallway Connector 2 Floor 1,Hallway W0201,HALL
WHALL00103,2060,1290,3,45 Francis,Hallway Connector 1 Floor 3,Hallway W0103,HALL
WHALL00203,2080,1290,3,45 Francis,Hallway Connector 2 Floor 3,Hallway W0203,HALL
WHALL00102,3345,865,2,45 Francis,Hallway Connector 1 Floor 2,Hallway W0102,HALL
WHALL00202,3360,860,2,15 Francis,Hallway Connector 2 Floor 2,Hallway W0202,HALL
WHALL00302,2085,900,2,45 Francis,Hallway Connector 3 Floor 2,Hallway W0302,HALL
WHALL00402,2105,900,2,45 Francis,Hallway Connector 4 Floor 2,Hallway W0402,HALL
WHALL00502,2085,1280,2,45 Francis,Hallway Connector 5 Floor 2,Hallway W0502,HALL
WHALL00602,2105,1280,2,45 Francis,Hallway Connector 6 Floor 2,Hallway W0602,HALL
WHALL00702,1740,1500,2,Tower,Hallway Connector 7 Floor 2,Hallway W0702,HALL
WHALL00802,1720,1745,2,Shapiro,Hallway Connector 8 Floor 2,Hallway W0802,HALL
WHALL00902,1690,2240,2,Shapiro,Hallway Connector 9 Floor 2,Hallway W0902,HALL
WHALL01002,1690,2455,2,BTM,Hallway Connector 10 Floor 2,Hallway W1002,HALL